,id
53535,64428584dd7885071d79afa8
29110,64270505d7aeccaff79f6d06
12247,6425e507eee20b82ae50dd94
32937,64271ade4bad276da1897dc3
39750,6442aaa843c3c251428572a5
57822,643f090276068b12cb9fe704
119271,646296afc458bb640eaf00cd
30584,64270d94248a8e0725195a2d
12043,6425e1e2ee3a479039bf9c46
17295,642601b51b4c5e9056d1298f
3324,6425aed788ab036228b76fc6
12570,6425e4e4db4c1bb36d1f6e2e
40187,64429b9c47e162c9efe05c7f
5583,6425bca4fb0cfb5575aa05b1
15766,6425f60ef6e7c94016fd68fd
60779,6442a97c2b8350340774b4e5
22418,6426221ad7aeccaff79f3210
69706,64628d84c98403765de0f37f
46382,643f0ed24a95d1b58fa9688a
17586,64260441d7aeccaff79f1960
43422,6440599901f0dcd7e48d5110
21474,64261d688d270ae7918e72a4
11273,6425debbafb870a21b52a306
18973,64260a161b4c5e9056d13181
37154,6442d7be2b83503407753f99
7865,6425ca2488ab036228b7ca4d
84965,6462a49960893a06ab5b546d
116274,6462af7f10503aeec14d7a14
93036,646284ae10503aeec14d01ab
39691,643f09d14a95d1b58fa958b7
37657,64429ad0242be814b7af5190
21921,6426223b61245ce0ea86b2cb
10655,6425d97c88ab036228b7ee26
21350,6425ff341b4c5e9056d12540
56048,6442a8ec242be814b7af8273
68141,64628f8f10503aeec14d2014
41152,643f124ccaf71cfd5d78c33b
52797,644284da242be814b7af1381
84621,64629a1410503aeec14d3da1
48881,64429ffe53d575317037de7e
2799,6425a79c873be0f80a6f4a74
62962,644297df530b42f4700a2052
29112,6427048f61245ce0ea86f195
39275,6442a3ef643750394778af2e
28598,642701521620247e22865e3f
48960,644281637c8dc543df0538bc
45280,644285d394903883d9ee8d17
28857,6427051ed7aeccaff79f6d36
43423,6442af64643750394778cfe7
18498,642607ce1b4c5e9056d13008
61055,6442adcc53d575317037fca0
93437,64628706095ea0266490439a
1494,64259cc452f55da30dcdc0a4
46002,64428845895db77d52e2e2fd
57350,6442a3b443c3c25142856098
97515,64629a09257b81cc060493f1
106987,64628a5cef2dc1a2b5423a75
58613,64429213f629a7728a4ac7e3
90916,64629ef71c4b508e49efd386
122660,6462ab8710503aeec14d6d5c
5545,6425bbe7fb0cfb5575aa02bc
28091,6427004ad7aeccaff79f659c
46111,643f08e5a7f4fc829bb9783f
63554,6442959b42696b85f21975fc
121690,6462b10e60979e26d62143eb
61381,643f10e4db3c0c43a907c555
7894,6425ca17fb0cfb5575aa34a0
37261,644291f10e615ce1bb964b0e
23918,642630b98d270ae7918e85a7
51254,643f079074c5a5ca7f630ee9
10667,6425d92d45bfbab29f542e6a
29492,642707ba248a8e0725194416
29976,64270a9a4bad276da1894d2e
92331,6462b425d18857264f20ad65
4660,6425b56fafb870a21b523bff
63345,64429124f607a15d721f5bf1
57314,643f0e27f93c9330df3a9d79
49131,643f08537efbdb43e60ebdd9
4469,6425b37487f5eb64dd52c023
122656,646292cac98403765de1002f
53758,64405548ba13917454f2f243
43765,6442b50d0d0904e092078486
19554,64260ebb0bb9c9f2095f0590
6863,6425c439afb870a21b526704
960,6425933b88ab036228b723d6
51197,644295ad0b6121f98b08f309
7132,6425c854cd93dce1db96280a
11174,6425de85afb870a21b52a26f
58004,643f0f87b49470ad0d2bb9c4
89611,6462b710ba4036ace9a80087
49552,643f0cb8db3c0c43a907ba9c
51298,644289db47e162c9efe0387c
53786,6442a18c94903883d9eed27c
892,642593ca52f55da30dcdb469
80767,64628dceba4036ace9a7af18
91436,64628f8a000a1353b596b03d
55477,6442a693643750394778b8b1
48358,644056381f98a621477fa76a
39199,6442a21744372c22ae7c9642
80973,646292c0257b81cc06048226
29070,642705308d270ae7918ecc27
121204,646286e4c98403765de0e148
29079,64270427d7aeccaff79f6bcb
106808,6462b53ac458bb640eaf4a9a
27052,6426f362248a8e0725190cf6
3704,6425afddafb870a21b522aba
92016,6462a93c60893a06ab5b614d
39759,6442abc8cd141369ec148b5d
57688,64429f868f3b2fa5045e0cfb
54940,6442a01cf629a7728a4af1ce
48844,6442a19e104258ab992ed723
7179,6425c75698afdc982956b764
59079,644294ef8f3b2fa5045df1f5
51534,644283eb242be814b7af1140
121336,64628175d18857264f202d71
34248,642706dd4bad276da189437a
120999,6462848a000a1353b5969519
4541,6425b59fcd93dce1db95f079
820,6425939688ab036228b724f9
29335,642707da8d270ae7918ed21b
89753,64629edb000a1353b596d7e3
23460,64263048248a8e072518dd16
3814,6425b3d888ab036228b77d74
48898,64429fe683e4be66f2ff1fa3
61225,6442aeef8581ab4397e25a07
12887,6425e65adb4c1bb36d1f6fc5
105271,6462bda5d18857264f20c2e9
7284,6425c83dcd93dce1db962778
7425,6425c7b9cd93dce1db96255c
28278,6426ffe1248a8e0725192e13
11138,6425de1a45bfbab29f543a77
49579,643f0ac213f0ca53326695be
17602,6426038a1620247e2285cbed
16815,6425faa37cdd34aae0e03687
27153,6426f6bf1620247e22864227
93003,64628ae4000a1353b596a583
37134,6442d678530b42f4700a9996
33156,64271be32aa5ac7fab86888a
121160,646285ba10503aeec14d04c6
12829,6425e4eb7cdd34aae0dffd8b
11936,6425e13a292bab2d1e9c59fb
84716,64628827ef2dc1a2b542347a
2329,6425a21f88ab036228b740cd
57936,643f0d5874c5a5ca7f63253b
11104,6425db3041a112b8277365a7
3320,6425af3dafb870a21b522932
1670,64259bf452f55da30dcdbf16
48836,6442a4c58581ab4397e23f69
30120,64270a688d270ae7918ed911
62009,643f0adb4e7c75ae400c28e6
15777,6425f72cf6e7c94016fd6d97
119379,6462bb8dba4036ace9a8088a
90895,6462b2e060979e26d6214795
40591,643f0ab2caf71cfd5d78b26c
59027,644295e90d0904e09207339f
1746,64259be2afb870a21b5200ab
106976,6462a53f095ea02664908f57
19023,64260bfdd7aeccaff79f20ee
57452,643f1071a7f4fc829bb99453
4657,6425b58e87f5eb64dd52c2e0
58100,6442a9c60d0904e09207663c
18322,642607394bad276da188d2ee
57618,643f0f6ccaf71cfd5d78bcea
16265,6425f719f6e7c94016fd6d57
41101,643f0c5a4a95d1b58fa95f8c
61953,644288e264375039477865c2
19422,64260d524bad276da188d8c1
29498,64270793248a8e072519436b
13181,6425e6a47cdd34aae0e00481
60795,643f09ccaafe167b7e312df4
28777,6427044c1620247e2286671e
91889,646298be60979e26d6210508
11709,6425de1d45bfbab29f543a7a
27728,6426fc614bad276da1892dd1
14072,6425ee6a1620247e22858766
26316,6426f3931620247e22863922
38528,6442865e1587ba108da28438
46253,643f0c21a7f4fc829bb9828d
85196,6462a5b0095ea026649090dd
18888,642609301620247e2285d82b
28738,642704508d270ae7918ec9d0
58089,6442ac9444372c22ae7cb4a9
41276,643f159eb49470ad0d2bc93b
1188,642598049d8bd6b7546178d9
22131,6426232161245ce0ea86b65e
29130,64270713248a8e072519425f
12360,6425e4a8ee3a479039bfa4c3
2342,6425a2403a1d458b6b558ab3
51013,644282cd0121c13af7eb374f
62355,643f094974c5a5ca7f631551
53829,6442a141895db77d52e31fbb
119304,6462c638000a1353b5973643
123559,64628f54257b81cc0604795d
29749,642708558d270ae7918ed32c
121092,64628989c458bb640eaee1f2
32578,64271986af05b07f7bd9a43e
17170,6425feee4bad276da188c230
77066,6462c234e1e0cc9cb4045f34
61077,6442aebf0e615ce1bb969859
39934,6442af9843c3c25142857e80
4324,6425b37888ab036228b77c2c
7677,6425c90987f5eb64dd52eb0e
51619,6442830a5d8404be646afddb
29559,642707f7d7aeccaff79f71b2
7889,6425ca2bfb0cfb5575aa34da
16413,6425f8b67cdd34aae0e03326
28302,6426ffc2248a8e0725192dbb
1614,64259cad52f55da30dcdc053
40169,64429dfa2b835034077491d1
30131,64270ab561245ce0ea86fcd7
15442,6425f640eee20b82ae510b6f
89406,64628c9d10503aeec14d1889
29903,64270ad68d270ae7918eda8d
57404,64429f65db3c6d6a5eae5593
17225,6425fe881620247e2285b3ee
3639,6425afe798afdc9829568349
52657,644283af0121c13af7eb37c7
19527,64260e800bb9c9f2095f0548
16770,6425facd1620247e2285a768
32196,6427169b1620247e2286ad67
38306,644285e40b6121f98b08ceae
122005,6462961310503aeec14d309e
91225,64628a05095ea02664904c5a
57085,643f11fbcaf71cfd5d78c216
59199,6442987df629a7728a4ada18
356,642590ef52f55da30dcdb06c
62020,643f0b864a95d1b58fa95e06
24872,6426e8f04bad276da1890699
39099,6442a1c68f3b2fa5045e134e
22646,6426277a4bad276da188f3c9
57540,643f0df0ffa756b09c693bf0
109942,6462b186e1e0cc9cb40440b9
46190,643f0eea11f52cc8387a6777
49098,64428143a5e4d3250f2d762e
31029,64270f1c8d270ae7918eea55
17556,642603c31b4c5e9056d12c8a
123557,6462849a10503aeec14d017c
37953,6442874f530b42f47009ff7b
1679,64259c9a9d8bd6b754617eb0
32914,64271abd4bad276da1897c97
121171,64628649d18857264f203aea
88828,6462bc3610503aeec14d9d30
114974,6462a56dba4036ace9a7de54
35355,642714ea842e192dc81dda30
123569,64628d7810503aeec14d1ae8
60863,643f196c11f52cc8387a8577
61056,643f0d377efbdb43e60ecb56
26076,6426eefe8d270ae7918ea1ba
12032,6425e174a73f82792e46339a
54161,644284b4a5e4d3250f2d7c66
16679,6425fac84bad276da188b908
18011,642605431e82935fde8433c4
18385,642607b34bad276da188d3e5
36249,6442beb80d0904e09207a404
88529,6462b6a710503aeec14d8c34
17864,6426034a4bad276da188cd80
55981,6442aac5530b42f4700a4785
14294,6425ee291620247e22858582
22326,642621e8248a8e072518ce03
51181,644292f7242be814b7af3d81
22402,6426225d61245ce0ea86b354
55934,6442a4ee242be814b7af7468
87576,6462b2bae1e0cc9cb4044361
100731,6462b2cb01a6527275db8524
1421,642598763a1d458b6b557c81
48576,64429cc394903883d9eec4c0
16266,6425f9111620247e2285a199
25636,6426ec94d7aeccaff79f4d5d
77942,6462aa47095ea02664909b09
736,6425940a88ab036228b72687
62248,644286760e615ce1bb962e88
29841,6427086b1620247e22867493
29523,64270777248a8e0725194305
110027,6462aa2760979e26d62133b7
114482,64629fc4c458bb640eaf16cc
19547,64260ee01620247e2285e06c
12808,6425e4c2eee20b82ae50dd11
21164,64261aff8d270ae7918e7076
118747,6462c6d5e1e0cc9cb4046823
58105,6442a9dc44372c22ae7cae10
15568,6425f7074bad276da188ae6b
1228,642598223a1d458b6b557c30
121767,6462b3d8ba4036ace9a7fab3
51232,64429326a5e4d3250f2da681
57472,6442a2952b8350340774a01d
61427,6442b0cb83e4be66f2ff42e3
16230,6425f7147cdd34aae0e030be
80033,6462921fba4036ace9a7b679
16222,6425f7077cdd34aae0e030a6
3760,6425b3b9fb0cfb5575a9ebf9
29052,642705174bad276da1894114
43437,644059c4df4cc3a922f70f8d
6080,6425bf4e88ab036228b7aa60
93277,64629ebb66ffe778e0c37cb7
26490,6426f3f7248a8e0725190ff7
32172,64271631218f9acbf46882d6
3338,6425aeed87f5eb64dd52b6b9
121341,6462821b66ffe778e0c3414e
106994,64628efe60893a06ab5b16d5
26506,6426f4084bad276da1891caf
46498,64428b3b8f3b2fa5045dda28
61919,643f0ebe74c5a5ca7f632cf2
26167,6426eebc248a8e072518ffcd
98111,6462a9dbe1e0cc9cb404342b
2804,6425a786422702cc9df41188
22193,642622614bad276da188eeec
49815,6442a18a0e615ce1bb9671da
62110,643f11505c013a45cead0e1c
62314,643f0cf911f52cc8387a6246
29755,642708708d270ae7918ed37a
18870,642609521e82935fde843a45
21214,64261af961245ce0ea86ad59
93013,64628f56c98403765de0f806
36374,64429ebecd141369ec145ebe
121917,64628dd210503aeec14d1bb7
91063,6462872866ffe778e0c34e33
119366,6462ba07c458bb640eaf56ab
30499,64270ccf61245ce0ea87032a
17549,642604291e82935fde843069
27512,6426fca34bad276da1892e2a
21155,64261cfad7aeccaff79f2e12
51278,644291d6f607a15d721f5cd5
107100,6462c3161c4b508e49f0329e
122128,64628ed61c4b508e49efa68c
25927,6426efdb248a8e072519044e
41838,6442b6090d0904e092078866
119291,64628b9601a6527275db3b3c
17181,6425fef496ef184088758579
39163,643f0d7a13f0ca5332669c16
28569,642701548d270ae7918ec32e
98287,6462c40c000a1353b597302b
59233,64428d09a5e4d3250f2d966c
7159,6425c836afb870a21b5275d9
12245,6425e507db4c1bb36d1f6ea5
23163,64262bf961245ce0ea86ba68
120718,64628802095ea02664904604
57197,643f0ec67efbdb43e60ecfb2
20199,642615110bb9c9f2095f09d0
24798,6426e947248a8e072518f48d
121895,6462b07fd18857264f20a3f8
19997,642611ccd7aeccaff79f2505
46230,643f0b4c11f52cc8387a5cbf
92316,6462b262095ea0266490b0a1
27166,6426f71a1620247e228642ed
7077,6425c80298afdc982956ba14
20456,642614ae970372b996d9e0d3
35968,64271f1f8dda115f01cccebc
28124,6427008d61245ce0ea86e6b7
55564,6442a76e0121c13af7eb846c
354,642590efafb870a21b51f36b
15448,6425f68d7cdd34aae0e02f4f
110975,64629f4860979e26d621168c
109538,64628f1801a6527275db42c4
98370,6462ae941c4b508e49effbd5
1475,64259bd152f55da30dcdbeef
32832,64271b62d129e4e42ca5aed2
53555,64428738f607a15d721f4787
22454,642627874bad276da188f3e7
16673,6425fa60d7aeccaff79f038c
858,642594039d8bd6b75461762d
93195,6462861560979e26d620d863
49595,644285d52b83503407744974
91031,64628925000a1353b596a1bb
18713,6426094b1e82935fde843a11
30536,64270d8b61245ce0ea870663
25158,6426e8ea4bad276da1890693
45995,644287eaf607a15d721f4939
17852,642603acd7aeccaff79f1841
59177,6442945064375039477885d1
28811,642704931620247e228667d9
13195,6425e6ab7cdd34aae0e004b5
20800,64261bc3d7aeccaff79f2c99
61501,6442ab55dd7885071d79ff38
51252,64429338dd7885071d79cb16
18729,642609c7d7aeccaff79f1f6b
17516,642601ff96ef184088758d66
98318,6462c5e6ba4036ace9a81d42
18561,6426074c1620247e2285d562
17674,642603671e82935fde842c77
41678,6442b8f1a5e4d3250f2dff08
41787,643f16edd868cb143f2828d0
29827,64270852248a8e07251947be
63119,64428eed8581ab4397e20512
7608,6425c957fb0cfb5575aa32d0
5235,6425bc5a88ab036228b79e4b
26041,6426ef0a61245ce0ea86d0c2
38230,6442866b0c717c2db148b682
33102,64271c24d129e4e42ca5b1bd
61160,643f0e4f4a95d1b58fa965b8
58005,6442aaf543c3c25142857399
4426,6425b32e88ab036228b77abb
119369,6462913b1c4b508e49efadc2
23409,64262ffc8d270ae7918e83f8
321,6425912d88ab036228b71fb2
20378,6426156b4bad276da188e058
38423,6442853a895db77d52e2db14
13983,6425ea80292bab2d1e9c7bdc
28853,6427048861245ce0ea86f17b
774,6424e9afb946d5f8c39c0d09
25578,6426ebde1620247e2286264e
45697,6442864f83e4be66f2feec29
15629,6425f6aa0f28f2003e933c56
25004,6426e96861245ce0ea86c71f
62799,64429566643750394778877d
85864,6462850a000a1353b596966b
18886,642609391e82935fde8439bd
14469,6425ed937cdd34aae0e019b9
32902,64271b204bad276da1897ed7
91402,64628f02d18857264f205109
27899,642700041620247e2286585d
20439,642614fe0bb9c9f2095f09af
49148,643f077a13f0ca5332668c2f
48256,64405a43ba13917454f3037e
121299,646281a1d18857264f202da3
39744,6442af620c717c2db1491595
44346,644283871587ba108da27c9b
13121,6425e65edb4c1bb36d1f6fc8
61170,643f13d2a7f4fc829bb9a26f
35962,64271eed2aa5ac7fab868cd1
101979,6462b59f10503aeec14d8a25
24695,6426e4611620247e22861508
21028,64261cab8d270ae7918e71fe
32130,642716c3842e192dc81ddee7
29914,64270a6cd7aeccaff79f77c9
49368,6442864f0d0904e092070817
12699,6425e4ddee3a479039bfa511
57690,64429f801587ba108da2c4a6
49961,6442a370242be814b7af6f6c
70720,6462a17810503aeec14d51cb
17861,64260354d7aeccaff79f1752
17870,642603831e82935fde842d2e
43585,6442acdf83e4be66f2ff3bfc
27275,6426f71dd7aeccaff79f5aa8
45600,6442857f74426ff89e79ed4e
11925,6425e115a73f82792e4632bb
6936,6425c43c87f5eb64dd52dfd1
24036,6426e552248a8e072518ed20
91325,64628cdd01a6527275db3e0d
120626,64629bce257b81cc06049887
3298,6425ae8c88ab036228b76e6c
16242,6425f88af6e7c94016fd72e1
14259,6425ee6eeee20b82ae50f8a1
17839,642604021620247e2285cef8
45124,644287ea5d8404be646b0c4c
28751,642704748d270ae7918eca4b
88716,64628aebe1e0cc9cb403faef
22103,642623161620247e2285f8c3
43808,6442b11d0e615ce1bb96a01e
1436,642598bd87f5eb64dd529ba0
22924,6426288dd7aeccaff79f39ac
15316,6425f5d41620247e228596f2
46699,643f0e801d24c94d01bde136
53785,644054d8c2c9173082500338
24573,6426e68fd7aeccaff79f475d
22126,6426224261245ce0ea86b2e4
13035,6425e775a73f82792e464877
122976,6462884be1e0cc9cb403f7b0
48694,64429d982b83503407748fde
92803,6462836066ffe778e0c344c7
7966,6425c9f5cd93dce1db962bca
16360,6425f8fdf6e7c94016fd7514
97525,646297fdef2dc1a2b542609a
115909,646298cdef2dc1a2b5426229
349,6425908c9d8bd6b754617224
92673,6462b0eb10503aeec14d7e18
12889,6425e65d292bab2d1e9c6ace
24650,6426e42661245ce0ea86c285
51209,644291dc0c717c2db148cf33
91380,646282a9d18857264f203011
86028,64628e9410503aeec14d1dc0
38907,644285838581ab4397e1eb5c
17781,642603da1620247e2285ce18
32433,6426f6dc1620247e22864262
93285,646287c5095ea026649045a3
30957,64270e8b4bad276da18958b2
10694,6425d9baafb870a21b5297fc
15807,6425f63df6e7c94016fd6981
48573,6442a35a0e615ce1bb9678ae
121682,6462a68760979e26d6212ab2
92676,6462ad09257b81cc0604c080
24232,6426e590d7aeccaff79f4515
44451,644283746a8eb2a45f8be458
32653,642719cd1620247e2286b926
27823,6426fce061245ce0ea86e3bc
38673,644286aff607a15d721f460d
40129,644286150121c13af7eb3b4e
19519,6425f34b0f28f2003e9333e7
18821,642609be1620247e2285da17
123271,64629475095ea0266490665e
39012,643f0eb0dc83708da902b369
19084,64260c1796ef184088759e90
60729,6442b1b843c3c251428587da
39385,643f0ec04a95d1b58fa96831
85688,6462849d000a1353b5969554
123363,64628523c458bb640eaed6b4
18204,642604d21e82935fde843204
27546,6426fbd54bad276da1892bec
13531,6425e6c1a73f82792e4645d7
53496,644284a7a5e4d3250f2d7c3a
13197,6425e6ecee3a479039bfac9c
17206,6425fe921e82935fde84171e
43382,6440619b5dc2ab79b50d8f76
28990,6427042f4bad276da1893d53
5585,6425bca288ab036228b79fa8
53743,6442a2478581ab4397e23a24
33407,64271e7ad129e4e42ca5b720
19174,6425f0cbf6e7c94016fd6180
572,64259147afb870a21b51f41c
59504,64428cada5e4d3250f2d9561
120955,6462afe5ba4036ace9a7f303
7717,6425c954fb0cfb5575aa32c8
46664,643f0991a7f4fc829bb97ab3
45981,64428828a5e4d3250f2d8684
11780,6425e10e7cdd34aae0dff55d
29575,642708054bad276da189468f
52956,644283e4895db77d52e2d8f1
656,642593429d8bd6b7546174d4
91441,6462817dd18857264f202d77
86227,64629397095ea02664906486
58035,643f0de676068b12cb9ff36b
46409,64428bf92b83503407745ba4
53820,6442a1aacd141369ec146a6d
39340,643f0f43db3c0c43a907c14a
30909,64270e97d7aeccaff79f84bb
26562,6426f3ee4bad276da1891c1b
39049,6442a2e274426ff89e7a2686
11038,6425dad941a112b8277363c7
38670,644286ce104258ab992e9405
107871,6462b809c98403765de158d3
29394,642707f11620247e2286725d
90838,6462aa3f10503aeec14d6a39
19191,6425f0da1620247e22859047
61541,643f0ab474c5a5ca7f631a81
45323,6442879d0b6121f98b08d359
18404,642607221620247e2285d500
54355,6442855094903883d9ee8bb3
48969,643f07d0815be6eec97c85df
61988,644288eea5e4d3250f2d89cc
30036,64270a4761245ce0ea86fa89
49321,644286680e615ce1bb962e4e
30048,64270aa68d270ae7918ed9cb
1445,642598f987f5eb64dd529c7f
35333,642714ed218f9acbf4688056
55971,6442a5e5895db77d52e33021
28575,642701c261245ce0ea86eca2
44329,6442839c3af90acde305c8fc
84474,6462911cef2dc1a2b5424f09
36388,644283ed58cae34e940b8b90
89612,64628868c458bb640eaedf2e
62148,6442883742696b85f2195477
33405,64271e7e1620247e2286c5ad
108193,6462897860893a06ab5b091a
98277,6462a6cec458bb640eaf263d
32951,64271b2b842e192dc81de745
14373,6425ed0d7cdd34aae0e0160b
88471,64629df410503aeec14d4839
18191,642604e21620247e2285d1bd
43673,6442ae4c0e615ce1bb96976d
60930,643f1161033ecc09014f7fe8
19748,642611c0d7aeccaff79f24f9
27452,6426fc2a8d270ae7918ebb34
48974,643f08254e7c75ae400c221f
61523,643f15b8caf71cfd5d78ca65
61300,6442b2050c717c2db1491c07
61430,6442b0cc0b6121f98b093735
15797,6425f5534bad276da188aa95
17626,642603761620247e2285cb62
33080,64271c10d129e4e42ca5b15c
44053,644058a3d25fa7b5f14d3f80
39345,643f0f5074c5a5ca7f63301f
107078,6462c61eef2dc1a2b542e607
123384,646292661c4b508e49efb0cd
93519,64629413c458bb640eaefae4
19583,64260ea40bb9c9f2095f056c
17986,6426051e4bad276da188d08b
21870,642622d78d270ae7918e7966
53428,644287dd895db77d52e2e1f6
45963,643f06f0f7f2e9b7855d7933
45515,644287ab94903883d9ee913d
27439,6426fc0e4bad276da1892d1a
7394,6425c790fb0cfb5575aa2adc
19292,64260d10af8e91bd280b3611
49837,6442a28374426ff89e7a24f8
44764,6442877247e162c9efe033bf
29748,642708558d270ae7918ed329
58231,6442a953895db77d52e33d5f
39648,6442a2c52b8350340774a099
39271,643f0b3d033ecc09014f700b
53725,644054180a1232d932f5488a
59601,644296e92b83503407747904
59243,64429234dd7885071d79c931
91717,64629546257b81cc06048890
61003,6442aa1483e4be66f2ff3736
7528,6425c923fb0cfb5575aa3263
28907,642704e98d270ae7918ecb7d
11127,6425df9487f5eb64dd530955
18482,642607cb96ef184088759a2f
51299,643f07c9e7d00759a4c1676b
55475,6442a8b7643750394778bf09
105325,646288feef2dc1a2b542370d
56210,6442a6d78581ab4397e24423
121725,64629b97ba4036ace9a7cab1
54753,6442a20742696b85f2199199
88832,6462a0bdef2dc1a2b5427aa6
58015,6442a94544372c22ae7cac19
33426,64271e4dd129e4e42ca5b5a9
45980,64428815242be814b7af1ce4
18966,642609dc1620247e2285da8a
41365,6442b33374426ff89e7a4aae
21105,64261ad91620247e2285ed95
38763,643f109fdb3c0c43a907c489
18284,6426075c1e82935fde84366c
7590,6425c89eafb870a21b527844
121191,6462856d60979e26d620d716
46133,643f0aedffa756b09c693487
432,6425912588ab036228b71f7b
48582,64429b3d8581ab4397e22665
39748,6442aaaa0d0904e0920769d3
93508,64628bd6ba4036ace9a7ab64
28050,6426fff81620247e22865845
32160,64271643218f9acbf46882f1
23856,642630f64bad276da188fa41
20330,642614c91620247e2285e541
118455,6462c201257b81cc0604f2b3
53470,644285f494903883d9ee8d70
51012,644283193af90acde305c87c
32447,642717e9d7aeccaff79f9c80
86024,64628d2fd18857264f204cc2
13169,6425e761db4c1bb36d1f72b1
4515,6425b56ecd93dce1db95ef04
32885,64271b28d7aeccaff79fa2bd
40944,6442b2518f3b2fa5045e3e47
67756,64629aadef2dc1a2b54267e4
46267,64428dca5d8404be646b22d9
87635,6462c20966ffe778e0c3bdc9
17968,642605301620247e2285d273
19220,64260bd81e82935fde843e40
121357,64628e4f60893a06ab5b14c3
107110,6462a991d18857264f209208
117629,6462ab97000a1353b596f561
75304,64628896d18857264f204176
93011,64629b2d1c4b508e49efc81a
10235,6425d660ecdb4875e4917005
51026,644282a9c34bf6600ec87977
27475,6426fc1c4bad276da1892d62
8012,6425ca11cd93dce1db962be1
21652,642623841620247e2285f95b
84960,6462c27e257b81cc0604f3f8
1699,64259c21afb870a21b520112
32915,64271abfaf05b07f7bd9a8b5
16221,6425f883f6e7c94016fd72bd
12429,6425e627db4c1bb36d1f6f87
98380,6462aac31c4b508e49efeea0
8794,6425d1f888ab036228b7d943
119571,6462bc26000a1353b5971c08
92848,646281f410503aeec14cf9a0
15420,6425f6b41620247e228599f3
122346,6462b78dd18857264f20b4cf
32410,642717ca1620247e2286b25f
58677,644292ef104258ab992eb2a0
26152,6426ef7fd7aeccaff79f5148
89630,6462c6fbd18857264f20d805
12824,6425e5457cdd34aae0dffe30
40332,64429d60530b42f4700a2c23
118552,6462ac5ed18857264f2098a4
30951,64270ed5d7aeccaff79f85d5
15132,6425f6f9f6e7c94016fd6cd6
121370,64628291d18857264f202fd2
39322,6442a3a71587ba108da2d2db
32972,64271ae3842e192dc81de606
97503,6462aa8eef2dc1a2b5429651
28614,6427018a8d270ae7918ec391
32413,6426f6aa1620247e228641ea
25263,6426ebd88d270ae7918e9a76
17120,6425fee21620247e2285b5cb
46254,64428af98581ab4397e1faa3
1226,6425984888ab036228b72abd
21082,64261afdd7aeccaff79f2c58
120942,6462c15d60979e26d6216cd7
15593,6425f6390f28f2003e933b97
92779,6462822d10503aeec14cfa2a
522,642590c13a1d458b6b55773f
19902,64261203970372b996d9e001
39454,643f0c2c033ecc09014f72bf
11660,6425deda45bfbab29f543c6a
7321,6425c79fcd93dce1db9624d5
16676,6425fa8f292bab2d1e9ca69a
58120,6442ab07db3c6d6a5eae71ca
1846,64259c5488ab036228b7329d
121155,6462862d000a1353b5969988
88585,64629dd7d18857264f20743e
91362,646288fd60979e26d620dfa7
41893,643f0adbdc83708da902a840
110029,6462aae8000a1353b596f3ef
7049,6425c7e387f5eb64dd52e922
44769,644288c142696b85f21955b3
62099,644287e543c3c2514285110e
12978,6425e730a73f82792e464796
61219,643f18c8033ecc09014f92e5
57628,643f14c7f7f2e9b7855d9e99
17850,642603ac1620247e2285cce9
3717,6425b07398afdc9829568682
85492,6462832b095ea0266490386b
6528,6425c225fb0cfb5575aa16e9
56607,6442cad5f607a15d721fd625
91356,6462848801a6527275db2d2e
1091,64259860afb870a21b51f815
19204,64260bef1b4c5e9056d13220
52785,6442832642696b85f2194913
61993,644286ed0121c13af7eb3cba
7896,6425ca1888ab036228b7ca1b
122899,64628535c98403765de0dc7d
57893,643f11c0f93c9330df3aa799
107800,6462b45fd18857264f20add2
54755,6442a20944372c22ae7c961a
32192,642716714bad276da1896a98
3641,6425b059afb870a21b522f9f
6689,6425c211fb0cfb5575aa16a5
36470,644284031587ba108da27d22
120764,6462b4f460979e26d6214d1c
48890,6442a11d5d8404be646b565c
53484,6442885453d575317037ae17
22369,64262257248a8e072518cecb
61965,6442886e104258ab992e98dd
27840,6426fcc98d270ae7918ebc8a
46374,64428b898f3b2fa5045ddad5
12178,6425e226ee3a479039bf9d23
17860,6426035496ef18408875924e
9549,6425d48832a7ef3fc7dd15b5
56938,6442a2dc242be814b7af6df5
15789,6425f70ef6e7c94016fd6d36
119626,64629af6ba4036ace9a7c976
30805,64270e848d270ae7918ee6b1
44194,6442843474426ff89e79eb76
39153,643f0b8176068b12cb9feda5
12802,6425e5887cdd34aae0dffef3
122904,64629eb160893a06ab5b4275
16129,6425f6ee0f28f2003e933d27
17264,642601d24bad276da188c9b2
115710,64628b3dc458bb640eaee589
90955,6462afbc000a1353b596fe5d
89621,6462a816000a1353b596ed37
28247,6426ffe98d270ae7918ebf81
19897,642611deaf8e91bd280b3ba8
61251,6442aa59a381503eba34b4a0
13011,6425e718a73f82792e464744
28157,642700268d270ae7918ebff7
43854,64405f35d50590b53284a802
39827,6442adfd8f3b2fa5045e34b1
62981,644291146437503947787c8b
85201,6462a436257b81cc0604acc6
9173,6425d18988ab036228b7d877
17281,642601451e82935fde84225e
22346,6426226a1620247e2285f6d3
57911,643f0b86aafe167b7e313196
29164,6427079d8d270ae7918ed1eb
27528,6426fcfb248a8e0725192754
41808,6442b8265d8404be646b933c
58262,643f0be713f0ca53326698eb
1547,64259cac9d8bd6b754617eec
84845,6462985f60893a06ab5b3164
86272,6462af0fc98403765de1454c
91152,64629029c98403765de0fa25
17809,6426042e1e82935fde843080
12104,6425e23a292bab2d1e9c5e2b
30366,64270d308d270ae7918ee122
25811,6426ef244bad276da18913e1
44359,644282c1242be814b7af0fe4
4687,6425b5ba87f5eb64dd52c350
61189,643f0dbbb49470ad0d2bb5b4
21514,64261d824bad276da188e9cb
17721,6426035f1620247e2285ca9b
24541,6426e6998d270ae7918e929c
22013,642622bb61245ce0ea86b542
48460,6442a1db530b42f4700a3697
21766,642622888d270ae7918e78da
26179,6426ef31248a8e07251900cd
79859,6462b8ca60893a06ab5b8dc0
29219,64270760d7aeccaff79f7139
32890,64271b07af05b07f7bd9aa6a
22919,64262854d7aeccaff79f3979
22802,6426285f1620247e228601f1
122600,6462a5bc01a6527275db6c8e
22125,64262242248a8e072518ceae
89704,646296ff01a6527275db5204
91886,64628ce4000a1353b596aa24
26750,6426f36961245ce0ea86d613
28874,642704fb1620247e22866985
56855,6442c84e53d5753170383356
11151,6425de9641a112b827736eab
7881,6425b841cd93dce1db95f722
44181,6442838e6a8eb2a45f8be480
28529,6427017e248a8e0725193289
39413,6442a4d694903883d9eeda58
25484,6426ece08d270ae7918e9e10
92674,6462b0f6ef2dc1a2b542a8b0
89336,64629a93d18857264f206bca
43523,64405c800a1232d932f56128
28097,6427006361245ce0ea86e66b
98285,646295fc1c4b508e49efb9cf
46693,643f0904033ecc09014f6a41
17182,6425fef51e82935fde84190f
123281,6462948c60893a06ab5b2637
110192,646293ed66ffe778e0c3664a
57303,6442a16e8f3b2fa5045e122b
13988,6425ead1db4c1bb36d1f7a48
31587,6427142b002d8d0f814c2998
91227,64628af3095ea02664904e36
57845,6442ae5242696b85f219aed7
57490,643f0c297efbdb43e60ec851
90697,6462a543ef2dc1a2b54287a2
29859,6427089e4bad276da1894845
56800,64405a274b0c14dae633eb36
115959,6462a49cd18857264f2086be
26269,6426f3fb8d270ae7918eab17
118472,6462b9d6d18857264f20ba30
38703,643f0dc776068b12cb9ff306
39739,6442ad59242be814b7af908b
63510,644297ee0121c13af7eb5a88
27057,6426f34c4bad276da1891abf
44556,644284228581ab4397e1e88f
29566,64270814d7aeccaff79f7203
58993,64428ff00e615ce1bb9645be
28059,64270007248a8e0725192eb0
55067,6442a2621587ba108da2cd67
27836,6426fcc3d7aeccaff79f616c
39231,6442a26b0d0904e092075139
123227,64629627c98403765de107ae
33107,64271bffd7aeccaff79fa45d
27903,642700d1248a8e0725193040
15999,6425f54b4bad276da188aa77
118443,6462b05860893a06ab5b7544
37522,64429cb4cd141369ec1458c2
14108,6425ed73292bab2d1e9c8482
7123,6425c795afb870a21b527350
92811,646282d4095ea0266490377c
57534,643f0fd9ffa756b09c6941a7
11008,6425db0641a112b82773648d
19431,64260d2f1b4c5e9056d1329a
27560,6426fc221620247e228651f0
75169,6462888a60979e26d620de91
2747,6425a74605b0d2deaf43b828
90737,6462ac5b60979e26d62138a6
92167,6462aacbc458bb640eaf307d
25905,6426ef8dd7aeccaff79f516f
53054,644283f35d8404be646afecb
62848,64429290104258ab992eb1c5
6505,6425c157cd93dce1db96117b
48002,6442a3890e615ce1bb967943
114609,64628d6ac98403765de0f340
49939,643f1079a51d6ce884a0fb2b
41605,643f0c127efbdb43e60ec801
62821,644294540c717c2db148d6bd
37905,64428748895db77d52e2e104
52632,644284aa0b6121f98b08cbe2
49322,643f0b034e7c75ae400c2956
115364,6462af9a10503aeec14d7a74
28549,642701d28d270ae7918ec3f5
40372,64429da1f629a7728a4aea7b
39009,643f0ea6f93c9330df3a9f36
21877,642623648d270ae7918e79cc
13486,6425e6967cdd34aae0e0042a
62169,644286928f3b2fa5045dcf4f
46456,64428c3d0e615ce1bb963c2e
62038,644287595d8404be646b0936
31732,64271412a3e8a08176dfcb60
16220,6425f701292bab2d1e9c9cac
123331,6462908960893a06ab5b1b99
30658,64270e9c4bad276da189591b
39326,6442a18f0e615ce1bb9671f2
3308,6425af00374290d1cfa1682c
12826,6425e451eee20b82ae50dc39
80086,6462adfb60893a06ab5b6ea7
51029,644282fb8581ab4397e1e74f
58888,6442909c44372c22ae7c603c
49020,6442816c0c450b21d5ebd912
36404,644283d33af90acde305c948
52676,6442853574426ff89e79ece3
14288,6425ed46a73f82792e465fa2
28634,642701824bad276da1893677
89244,6462b0ffd18857264f20a555
30114,64270a808d270ae7918ed950
14060,6425ed46a73f82792e465f9f
51190,64429471242be814b7af41fe
63275,64428e2d2b835034077461b0
25090,6426e9381620247e22861dfc
88439,646290761c4b508e49efab98
36279,6442bdf894903883d9ef1b9e
29018,6427043a61245ce0ea86f01f
119360,6462987f10503aeec14d380f
37045,6442a69f104258ab992ee774
15684,6425f5f5f6e7c94016fd68d5
68841,6462c18e000a1353b5972979
48294,644054227af3e7e47e55f84e
48245,644057e57212f66197d7293a
119382,6462afddc98403765de146e6
58014,643f103da7f4fc829bb99367
25864,6426efea248a8e07251904dc
48818,64429e7a0e615ce1bb96675d
53537,644287b71587ba108da2871c
58918,64428eca0d0904e0920721fb
7259,6425c7bcafb870a21b52741e
122900,6462853610503aeec14d032a
49456,643f07a113f0ca5332668cd0
56849,644059ce4b0c14dae633e9ba
60818,6442a6e05d8404be646b67dd
90890,6462ae75c98403765de14371
7872,6425c9cbfb0cfb5575aa3368
3674,6425b080afb870a21b5230a6
31076,64270f808d270ae7918eec55
91112,646281f2c458bb640eaecec9
22638,6426284d8d270ae7918e8097
20917,64261c16d7aeccaff79f2cbd
43853,6442a95c2b8350340774b470
80039,6462a2081c4b508e49efd99a
56552,643f072ae7d00759a4c164d9
28030,6427005a8d270ae7918ec04c
33154,64271be5d7aeccaff79fa3ea
121442,646286a2095ea026649042fb
16697,6425fa4f7cdd34aae0e0358a
62239,643f0f32aafe167b7e313d6f
57073,643f0d36815be6eec97c96b9
75680,64629a6e1c4b508e49efc600
39523,643f0f85caf71cfd5d78bd5e
32365,6427182f4bad276da1897207
36397,64428412242be814b7af1185
8014,6425ca11fb0cfb5575aa347b
5575,6425bcab743673adb8b0ee14
56599,6442cb2adb3c6d6a5eaeb374
56611,643f07717efbdb43e60eba3c
41848,643f1640ffa756b09c695472
115057,64629996000a1353b596c9d7
20465,6426152caf8e91bd280b3ea3
123182,64629919257b81cc06049140
13618,6425eaa0ee3a479039bfbb8a
32816,64271af3af05b07f7bd9a9d1
98836,6462aaf5d18857264f209537
28781,642704fe1620247e2286699d
37003,6442a7468581ab4397e2454b
1672,64259bf552f55da30dcdbf1c
4218,6425b3ff88ab036228b77dc5
27476,6426fc1e1620247e228651ea
15415,6425f680f6e7c94016fd6a93
9575,6425d52a1c7b215efdb35647
1905,64259c5952f55da30dcdbf90
61495,643f0ea64a95d1b58fa9678f
119388,6462b351c458bb640eaf45e9
109906,646299e4095ea02664907212
17340,642601d74bad276da188c9d1
122640,6462afa8257b81cc0604c6fd
43387,6442ae7fa381503eba34bc3d
44133,6442827e58cae34e940b89cb
55661,6442a71a104258ab992ee8fb
47881,6442a1da643750394778a8e3
12855,6425e70da73f82792e464718
98392,6462bc41c458bb640eaf5c50
40600,643f0bc8dc83708da902ab10
24684,6426e4454bad276da18901d8
54707,6442a0c5242be814b7af666c
57330,643f0c9edc83708da902ad61
61103,643f13cea7f4fc829bb9a25c
31647,642713e0d7aeccaff79f95dc
6480,6425c21988ab036228b7b39a
75147,646291a7257b81cc06047f69
63058,64428e8a530b42f4700a10bc
58648,64428f771587ba108da299d9
40826,643f1441815be6eec97ca8ac
25019,6426e8fd8d270ae7918e9643
13975,6425ea3ddb4c1bb36d1f789e
46069,64428a33f607a15d721f4ea2
121783,6462a90a60979e26d62130a2
41796,643f0e444a95d1b58fa96582
39941,6442ad6f0d0904e0920770cc
117923,6462bcdd257b81cc0604e55a
36424,644284450121c13af7eb3853
22112,6426229d248a8e072518cf5f
19152,64260bcfd7aeccaff79f20a8
44430,64428387dd7885071d79ac1f
84443,64628bba1c4b508e49ef9d7c
7155,6425c85dafb870a21b5276e9
34781,64270cfb61245ce0ea870410
101455,6462877460893a06ab5b03c4
15641,6425f5967cdd34aae0e02d59
4173,6425b3f187f5eb64dd52c136
13123,6425e661292bab2d1e9c6ae2
19098,64260a244bad276da188d781
117918,6462b85e10503aeec14d911b
20259,642614f7970372b996d9e19a
121697,64629ff0c458bb640eaf1722
35969,64271f1fd129e4e42ca5bbfa
41328,6442b2bea381503eba34c440
4607,6425b57ffb0cfb5575a9f105
121121,64628c6566ffe778e0c3579d
57609,643f0e93db3c0c43a907bf67
19169,64260bafd7aeccaff79f2052
44491,6442845ca5e4d3250f2d7b93
44441,64428496dd7885071d79ad0e
62895,644297ad895db77d52e3089d
28078,64270010248a8e0725192ebf
12240,6425e52cee3a479039bfa598
24713,6426e43ed7aeccaff79f43db
57414,643f13014a95d1b58fa97700
87773,6462a2fdc98403765de12839
28670,642701a261245ce0ea86ec28
33167,64271c452aa5ac7fab8689ed
18978,642609e34bad276da188d74a
57203,643f1294f7f2e9b7855d9901
16732,6425fa46eee20b82ae5116ba
88579,6462c75710503aeec14dbba8
38804,644285a8dd7885071d79b002
80024,6462b3a866ffe778e0c3a2ec
123109,6462989860979e26d62104b1
49831,6442a25253d575317037e2e2
98648,64629b6ad18857264f206df1
90647,64629911000a1353b596c87d
40153,643f0a1611f52cc8387a59d8
13769,6425eabfdb4c1bb36d1f7a2d
12732,6425e46dee3a479039bfa3b8
92624,64628d81c458bb640eaeeb3a
122203,6462911460893a06ab5b1cfc
60811,643f10774a95d1b58fa96f46
62772,644291e4a5e4d3250f2da374
80020,6462b2b7d18857264f20a9f8
39792,6442aab2a5e4d3250f2ddae9
121258,64628e2960893a06ab5b1455
123247,64629ec760893a06ab5b42c0
22469,642628801620247e2286021e
20897,64261be61620247e2285eea0
61052,6442ae000b6121f98b093015
69916,6462874a60893a06ab5b033f
3720,6425b05698afdc98295685b9
20512,64261ba2248a8e072518c533
62305,64428623895db77d52e2ddf2
21496,64261d70d7aeccaff79f2e55
106984,6462c7fb1c4b508e49f04081
13562,6425e6e7a73f82792e4646a2
18815,642609684bad276da188d635
43952,64405be74b0c14dae633f147
22197,642623538d270ae7918e79c3
22676,64262863248a8e072518d7e7
61192,6442a91543c3c25142856e06
45255,64428783db3c6d6a5eae1730
56540,6442cb1753d5753170383ba8
32828,64271acbaf05b07f7bd9a8dd
26598,6426f3e8d7aeccaff79f56ae
58019,643f0af8f7f2e9b7855d8694
40531,644286536437503947785ee5
7511,6425c92088ab036228b7c81a
792,642593a152f55da30dcdb3b3
61910,644288c70c717c2db148bc28
55559,6442a5ab8f3b2fa5045e1a57
90676,6462ada460893a06ab5b6dbd
29517,6427078e248a8e072519435c
120854,646299ddc98403765de1122e
56939,643f0c1411f52cc8387a5f63
4611,6425b57bcd93dce1db95ef89
26529,6426f2ff8d270ae7918ea866
741,6424ea0446c073240fc0e3e4
7369,6425c80998afdc982956ba30
7182,6425c81588ab036228b7c46a
29721,6427090fd7aeccaff79f7444
17302,642601c84bad276da188c978
1423,6425987552f55da30dcdb87b
119700,6462bcff095ea0266490cc42
41839,643f15f9aafe167b7e3149e3
12417,6425e44aeee20b82ae50dc1c
57564,643f0f2ef7f2e9b7855d9134
17242,6425fea31620247e2285b46a
36441,644283ad2b8350340774432f
27759,6426fc828d270ae7918ebc1e
4669,6425b56188ab036228b78291
30711,64270e728d270ae7918ee621
7260,6425c7ba87f5eb64dd52e8a5
123097,64628fd3ef2dc1a2b5424b02
29554,642707df1620247e228671b2
51009,6442841e8f3b2fa5045dca0a
61106,6442b2dca5e4d3250f2dee10
26874,6426f36c4bad276da1891b09
7483,6425c905afb870a21b527b2b
1302,642598feafb870a21b51f92a
109611,64628a34ef2dc1a2b5423a16
13468,6425e693ee3a479039bfab0c
16234,6425f8edf6e7c94016fd74a2
19399,64260d561620247e2285dce7
31726,64271419d7aeccaff79f96e9
19234,64260be21e82935fde843e50
7456,6425c7ff98afdc982956ba0b
17342,642601d81b4c5e9056d129cd
58066,643f1171815be6eec97ca1b0
115351,6462c95d2b008fbe9d3c943b
108248,6462934c01a6527275db4ab2
118564,6462b925e1e0cc9cb4044cf0
61266,643f0eeaf93c9330df3aa064
35397,6427152a1620247e2286a908
21340,6425fbc0d7aeccaff79f078d
45081,64428873db3c6d6a5eae1a34
54692,6442a121f629a7728a4af49a
80248,6462a712c458bb640eaf26d1
30650,64270f0c002d8d0f814c1695
12062,6425e178db4c1bb36d1f68cf
61260,643f0b21815be6eec97c9039
59191,64429780a381503eba34847a
22240,6426221e4bad276da188ee77
90989,6462897d60893a06ab5b0924
29675,642708918d270ae7918ed3d1
2306,6425a267afb870a21b520aa5
51210,644291de0121c13af7eb4eec
12821,6425e62bee3a479039bfa8de
39424,6442a15ef607a15d721f7e06
1760,64259c1c52f55da30dcdbf57
59387,644299248f3b2fa5045dfc31
18136,642604b81620247e2285d120
19483,6425f31e292bab2d1e9c94c1
118791,6462a1cf10503aeec14d52ae
86031,646284b4000a1353b596959a
43718,6442afa6db3c6d6a5eae7cca
114922,646288b966ffe778e0c3515a
38095,644285c42b83503407744909
91024,6462878c10503aeec14d09e6
56776,64405aa3510c40852dd272ca
56848,6442c8e66437503947791e81
20353,642614a4970372b996d9e097
18730,642609c71e82935fde843ca9
15815,6425f58f0f28f2003e93397e
71435,6462bfb9ef2dc1a2b542d455
1896,64259c4e9d8bd6b754617e63
18613,642607671e82935fde843684
39011,6442a36d8581ab4397e23c84
41824,6442bafbf629a7728a4b37e2
802,6424e98c46c073240fc0e309
48825,6442a22494903883d9eed41e
984,642593ec9d8bd6b754617603
19172,6425f0d6d7aeccaff79ef7dd
107851,6462ada201a6527275db7ae8
46704,644289a3104258ab992e9c72
25837,6426eef48d270ae7918ea1a1
91720,64629ecae1e0cc9cb4041fd6
11252,6425de1241a112b827736d50
14204,6425eda8eee20b82ae50f5e5
25109,6426e8e7248a8e072518f36b
4120,6425b33cfb0cfb5575a9e806
7523,6425c96c88ab036228b7c85e
40748,643f1d40d868cb143f2838de
3712,6425afcd88ab036228b77305
18520,642607611620247e2285d598
61424,643f12e111f52cc8387a7171
26275,6426f3af1620247e228639d3
13139,6425e73ea73f82792e4647b2
39475,643f0e4c76068b12cb9ff481
7932,6425c9af88ab036228b7c8a9
46714,64428f64643750394778779c
41324,643f19cbdc83708da902d013
27569,6426fcb81620247e22865380
85790,6462995b257b81cc06049215
20998,64261bff248a8e072518c5b7
13086,6425e754db4c1bb36d1f7296
33067,64271c28d129e4e42ca5b1cd
46162,64428b521587ba108da2907b
24506,6426e64b1620247e228618c1
3754,6425b30ffb0cfb5575a9e60b
58058,643f0b14a7f4fc829bb97ffb
30748,64270f401620247e22868e94
61078,643f0cf7f93c9330df3a9965
12597,6425e5f6db4c1bb36d1f6f3b
26671,6426f3614bad276da1891af8
39756,6442abc40e615ce1bb968fb3
59192,6442976ddb3c6d6a5eae401d
91149,6462869ee1e0cc9cb403f424
30759,64270ecf1620247e22868c75
85341,6462c687c98403765de17e25
18581,6426072e96ef1840887598f3
39681,6442a4d894903883d9eeda5b
62295,643f10dfdb3c0c43a907c546
91130,64628576095ea02664903f8e
31632,6427144f002d8d0f814c2a26
59022,6442929a47e162c9efe04820
13764,6425eaaceee20b82ae50ec0e
4070,6425b413fb0cfb5575a9ecda
48192,6440566e7af3e7e47e55ff01
54263,6442853e104258ab992e9049
121347,64628374095ea02664903926
21206,64261acdd7aeccaff79f2c3d
1642,64259c8488ab036228b7330d
120960,6462ad1c60893a06ab5b6c81
54801,6442a161530b42f4700a359b
51192,64429475f607a15d721f62a5
61168,643f0ef3dc83708da902b47c
27092,6426f6dd4bad276da1892097
99710,6462937410503aeec14d2986
44477,644283c87c8dc543df053c93
37802,64429df50e615ce1bb966658
21238,64261d154bad276da188e978
56186,6442a6e5a381503eba34abf7
22267,6426223f248a8e072518cea8
25190,6426ecd24bad276da1890fd3
18623,642607431620247e2285d544
57251,64429f3e2b835034077495e5
15718,6425f732f6e7c94016fd6db8
563,642590ab88ab036228b71e6b
18504,642607451620247e2285d550
18357,6426076f1620247e2285d5c8
1355,6425987887f5eb64dd529b43
89598,6462bfa766ffe778e0c3b8be
90930,6462c3df60979e26d6217413
58166,6442ace6242be814b7af8f66
62815,644294b4f607a15d721f637e
37431,644054617af3e7e47e55f943
54977,643f0a4cdb3c0c43a907b3ed
26848,6426f3351620247e228637a2
15496,6425f5ec7cdd34aae0e02e68
62098,643f105d13f0ca533266a35c
60896,643f13c55c013a45cead13d7
28718,642704238d270ae7918ec932
57218,643f11195c013a45cead0d7e
93471,64628466d18857264f203569
88804,6462944eba4036ace9a7bb49
14171,6425ee31d7aeccaff79eedaa
30463,64270cbe61245ce0ea8702d7
25549,6426ebec1620247e22862673
119699,64629e8de1e0cc9cb4041f9e
60972,6442ae9b0b6121f98b0931f9
12989,6425e68eee3a479039bfaafc
27192,6426f6d48d270ae7918eaf46
20614,64261c8261245ce0ea86ae1b
26338,6426f39f8d270ae7918ea9eb
91394,64628443c458bb640eaed3dc
48985,6442813343c3c25142850147
38869,6442853174426ff89e79ecd5
43994,6440585b7af3e7e47e5604d3
44848,644288568581ab4397e1f325
107077,6462c184000a1353b5972953
5571,6425a8c505b0d2deaf43bc6f
50701,644288bd53d575317037af7a
123531,64628537c98403765de0dc8b
36358,64429f1f0e615ce1bb966961
1664,64259c0f52f55da30dcdbf45
28836,642704794bad276da1893e8e
61274,643f0b891d24c94d01bdd8e3
40405,643f0c97f7f2e9b7855d8b60
17823,6426036ed7aeccaff79f178b
20920,64261b841620247e2285ee28
90680,646292c910503aeec14d282b
118778,6462a16460893a06ab5b4acf
28325,6426fff78d270ae7918ebfa7
48451,64429c6d5d8404be646b49de
27012,6426f392248a8e0725190da4
123468,6462875cd18857264f203df5
5497,6425bc9788ab036228b79f79
19121,64260a091620247e2285daf8
24048,6426e66361245ce0ea86c4b0
105214,6462ae74095ea0266490a552
107981,6462a335c98403765de128ae
77089,6462c949c98403765de18692
41115,6442b5d0104258ab992f0ff8
48642,6442a44a42696b85f2199792
37740,64429e150c717c2db148ee43
30732,64270eaa4bad276da1895951
26315,6426f3901620247e22863913
28756,64270509248a8e0725193de1
61978,644286f542696b85f219506a
107900,64629d2a000a1353b596d397
21291,64261b0361245ce0ea86ad5c
37069,6442a6db42696b85f2199c5f
24707,6426e44f61245ce0ea86c2a0
1762,64259c1e52f55da30dcdbf5d
61154,6442a8d38f3b2fa5045e258d
1261,6425982552f55da30dcdb7cb
85050,6462b1b8ef2dc1a2b542aae0
45449,644286252b83503407744aea
12796,6425e537292bab2d1e9c6660
86063,64628e8a257b81cc06047759
122690,64628fb560979e26d620eeaa
122823,646283c401a6527275db2b48
26556,6426f37a1620247e22863897
92840,6462819f66ffe778e0c340b8
28117,642700408d270ae7918ec013
1292,642598f79d8bd6b75461798a
38046,64428684a5e4d3250f2d7f9a
122070,6462ad7e095ea0266490a318
15041,6425f61b292bab2d1e9c9a46
40182,643f0b4c74c5a5ca7f631cd7
27361,6426fbd08d270ae7918eba41
57503,643f1447815be6eec97ca8c7
40300,643f095411f52cc8387a57f6
38260,644286a3f607a15d721f45f0
12671,6425e5baee3a479039bfa6f2
54430,644284fc74426ff89e79ec4f
33116,64271c3c11bbb3f2337fd47d
44269,644282ba00668be3617ff5a7
28410,6426fff94bad276da189336d
36771,6442a6b6db3c6d6a5eae67f2
12659,6425e54c7cdd34aae0dffe52
21971,6426230661245ce0ea86b616
91708,64629ad260979e26d6210b3d
49084,64428125dd7885071d79a944
90630,646287d660893a06ab5b04a5
18879,642609e296ef184088759d4e
46532,6442897ccd141369ec1421a5
37948,644285ce5d8404be646b0426
54820,6442a0e62b83503407749a9a
18777,6426095b1b4c5e9056d130e0
61272,643f0b9a5c013a45cead0291
11962,6425e0f5ee3a479039bf99aa
56531,6442cafd530b42f4700a82da
4523,6425b52f88ab036228b7817a
104409,6462bcae095ea0266490cb35
39397,6442a36e643750394778adb0
20957,64261ca24bad276da188e812
122682,64628ddb000a1353b596ac62
20758,64261bdb1620247e2285ee94
55035,6442a27274426ff89e7a24ba
28181,642700674bad276da18933cd
11494,6425dfb087f5eb64dd5309c6
19414,64260d2c0bb9c9f2095f00e3
80968,646286fde1e0cc9cb403f4ed
16530,6425f9091620247e2285a183
11989,6425e198292bab2d1e9c5bae
62102,644289770b6121f98b08d6c4
60883,6442aa08cd141369ec148749
45580,644286baa381503eba346367
1209,64259844afb870a21b51f7eb
18566,642607691620247e2285d5b9
121118,646285d810503aeec14d052f
48411,6442a1940b6121f98b090f55
12753,6425e55b7cdd34aae0dffe91
62787,64429376f629a7728a4acaa6
7973,6425b85b98afdc9829569278
92251,6462a7aa60893a06ab5b5c10
30578,64270cf11620247e2286837c
122098,6462af9a01a6527275db7f63
13544,6425e69a292bab2d1e9c6c05
79852,646294bb60979e26d620fa4b
57697,6442a3be0121c13af7eb7749
11243,6425def4afb870a21b52a375
1889,64259c413a1d458b6b558389
625,642591173a1d458b6b5577ba
51226,6442948d43c3c25142853519
19311,64260d671620247e2285dd1a
14319,6425ed3d292bab2d1e9c830b
17157,6425feea1620247e2285b60a
18141,642605091620247e2285d1f1
26471,6426f3e14bad276da1891bda
1337,642598e8afb870a21b51f8e3
31017,64270f148d270ae7918eea2f
91313,6462827610503aeec14cfaf9
39958,6442ac8e643750394778c859
49553,644285852b8350340774476f
79605,64628621000a1353b596995f
62222,6442869a43c3c25142850c48
30716,64270f33a3e8a08176dfbcbe
35959,64271f1b4bad276da189871c
68368,6462bdbb60979e26d62162a4
76979,6462bdbd000a1353b5971faf
16849,6425fa9e1620247e2285a674
7214,6425c7d598afdc982956b95c
62130,643f112c76068b12cb9ffb88
7292,6425c762cd93dce1db96234a
6459,6425c251afb870a21b526131
31015,64270f8b002d8d0f814c180f
120882,6462a32d000a1353b596e248
22297,6426222a61245ce0ea86b2a5
115413,6462b6e6c458bb640eaf4ecc
28368,6426fff3d7aeccaff79f655e
51011,6442831df0de6a9d32b1a38e
75742,64628e9766ffe778e0c35c79
55018,6442a06847e162c9efe06a4d
14113,6425edde7cdd34aae0e01b3f
29047,6427044561245ce0ea86f04f
57859,6442aa1d47e162c9efe07fda
11408,6425de8dafb870a21b52a27b
6613,6425c24988ab036228b7b4d1
93372,64628e30000a1353b596ad18
46214,64428ecd1587ba108da298ba
46537,643f0a4874c5a5ca7f6318d1
18574,6426074a1b4c5e9056d12f71
17094,6425fee31e82935fde841871
62340,6442893342696b85f21956e1
68167,6462941910503aeec14d2b1a
91773,6462a321c98403765de12873
114960,6462adef095ea0266490a3d4
371,6425911b52f55da30dcdb0ba
117660,6462a4c5000a1353b596e5f8
30962,64270ef7248a8e0725195d23
52649,6442844a5d8404be646aff68
4432,6425b38c87f5eb64dd52c09f
90937,64629c4ad18857264f207083
27852,6426fc774bad276da1892de8
15799,6425f71af6e7c94016fd6d61
39379,6442a2b8f629a7728a4af838
46066,644288a9530b42f4700a02d7
39242,6442a33d8f3b2fa5045e1602
98276,6462a6f360893a06ab5b5a81
41523,6442b9c10d0904e0920795b3
16541,6425f8dd292bab2d1e9c9f56
56578,643f07644a95d1b58fa9508f
60807,6442affd643750394778d124
86089,64629c4560979e26d6210e5e
7825,6425c8f487f5eb64dd52eae6
15391,6425f56f1620247e228595d2
60988,643f10114a95d1b58fa96de7
39304,643f109f033ecc09014f7e3a
16464,6425f90ceee20b82ae511399
39101,6442a1ba8f3b2fa5045e1319
59030,644295e842696b85f21976d9
43687,6442a611895db77d52e33126
114471,646293c866ffe778e0c365fc
24380,6426e5b5248a8e072518ee16
21894,642622241620247e2285f60a
33309,64271e49d7aeccaff79fa76d
10700,6425d9dc88ab036228b7ef18
27949,6427007c1620247e2286597c
27962,6427008f8d270ae7918ec10a
11829,6425e22aa73f82792e46357c
13017,6425e776292bab2d1e9c6f4b
62933,644290d42b83503407746892
80918,6462883860893a06ab5b05de
4253,6425b33cfb0cfb5575a9e809
4350,6425b31c87f5eb64dd52be3a
33031,64271c012aa5ac7fab8688e2
48698,64429fbe530b42f4700a31cc
120781,646297c5c458bb640eaf0354
46728,64428b42dd7885071d79bacb
17680,642603d81620247e2285ce08
19425,64260d170bb9c9f2095f00bd
38582,644285b8242be814b7af16de
93432,646288a810503aeec14d0e60
17632,6426033f96ef184088759217
57946,643f0bfd4e7c75ae400c2c0b
101527,64629baf66ffe778e0c37681
58175,643f11367efbdb43e60ed663
32631,642719e84bad276da18977e2
59162,64428d3f0e615ce1bb963f75
60924,643f0fb2b49470ad0d2bba3b
107049,64628b5be1e0cc9cb403fb88
1236,6425988288ab036228b72b23
39191,6442a1d344372c22ae7c9570
56914,643f13307efbdb43e60edc79
44351,6442837f4bab59da2c0c2ae6
49108,644281b4f0de6a9d32b1a1ae
79531,64628641c458bb640eaed9e1
20724,64261bc84bad276da188e695
19542,64260e83d7aeccaff79f232b
57732,643f09514e7c75ae400c24e9
7353,6425c74ecd93dce1db96230b
54115,644286bb530b42f47009fe69
12082,6425e1f6292bab2d1e9c5cd4
29743,642708a9d7aeccaff79f7369
63008,64428ffba381503eba34777a
25600,6426ec898d270ae7918e9cae
27781,6426fcb24bad276da1892e39
25984,6426ef89248a8e0725190248
53769,6442a14947e162c9efe06c60
53790,6442a18dcd141369ec146a21
57627,6442a2e55d8404be646b5ccc
92608,64629276e1e0cc9cb404090d
5223,6425bccc98afdc982956a1b5
44183,643f073f4e7c75ae400c1fb4
12526,6425e5d77cdd34aae0dfffd5
1469,64259be63a1d458b6b558300
58191,6442ac9d0e615ce1bb969225
26921,6426f31961245ce0ea86d573
100689,646295ff60893a06ab5b2ae7
43694,6440629a1f98a621477fcfe6
37376,6442d6900c717c2db14972c1
21504,64261d7b248a8e072518c9a1
119636,6462904cc98403765de0fa7d
10327,6425d9c945bfbab29f54300d
1726,64259c1252f55da30dcdbf48
22338,642622248d270ae7918e782e
17386,6426019696ef184088758c95
35954,64271f12d129e4e42ca5bb82
40912,6442b0558581ab4397e25dff
59533,644298d042696b85f2197e0a
54775,6442a225dd7885071d79ece4
28809,64270533d7aeccaff79f6d59
26600,6426f4331620247e22863cf6
49491,6442851ea381503eba345fe2
63521,64428faf0121c13af7eb4bb6
27855,6426fc7bd7aeccaff79f614e
61209,643f1439d868cb143f2821fa
107925,6462ba6460979e26d6215b59
37194,6442d697242be814b7affb0a
75725,6462827ed18857264f202f8d
120985,64628802ef2dc1a2b5423413
44851,64428792104258ab992e9657
61985,644288f30b6121f98b08d5bc
61884,6442874253d575317037ac2f
45619,644285be1587ba108da28234
63308,6442974642696b85f2197a28
93507,6462841f60893a06ab5afa1e
63321,644292750121c13af7eb503f
92849,646281f3095ea02664903561
30583,64270d4a8d270ae7918ee18c
41543,6442ba7e104258ab992f1fb2
31037,64270f1e61245ce0ea870bc1
123256,646291bfc98403765de0fda5
27741,6426fbf5d7aeccaff79f6083
48509,64429bd00e615ce1bb96624a
37536,64429cbd47e162c9efe05f4c
22081,6426237d1620247e2285f952
105349,64628a2e60893a06ab5b0aab
17406,642601624bad276da188c7cb
49110,644281bb42696b85f2194628
26879,6426f3761620247e22863879
19966,642611770bb9c9f2095f07d1
58041,643f0a0ff7f2e9b7855d8447
28517,6427018e8d270ae7918ec397
38777,643f0db2e7d00759a4c17647
100717,6462a95f095ea026649098ce
114785,646294cd1c4b508e49efb741
15069,6425f5f21620247e2285974a
44143,644282f37eb89489acf301f8
61287,643f18d41d24c94d01bdfac6
7413,6425c767cd93dce1db962370
46656,64428dfe5d8404be646b2379
60796,6442a82f83e4be66f2ff344f
63076,644294b98f3b2fa5045df162
18947,64260a2a1620247e2285db30
14054,6425ed31a73f82792e465ea4
30930,64270f44a3e8a08176dfbd32
27952,642700bf248a8e072519300b
25980,6426ef4b61245ce0ea86d189
21927,642622a94bad276da188efc5
29666,642708fd1620247e22867620
75372,64629a1610503aeec14d3da7
58209,643f0fe54e7c75ae400c30dd
30052,64270a791620247e228679c1
38529,643f0fb8033ecc09014f7bd3
37371,6442d6e92b83503407753f12
29308,642706f0248a8e07251941e1
29027,64270480248a8e0725193b9c
26627,6426f2ec1620247e228636b7
117666,6462c77d01a6527275dbad66
39359,6442a3bba381503eba34a224
1442,642598419d8bd6b75461790f
20347,642614cf970372b996d9e154
20977,64261bcd248a8e072518c566
45643,64428508242be814b7af1411
111199,6462c203ba4036ace9a8152e
61121,6442b1ae1587ba108da2fe88
22434,642622144bad276da188ee67
56840,644059f9d50590b5328499c0
40415,643f0bd674c5a5ca7f631f5e
17420,642601b11620247e2285c2aa
4016,6425b33288ab036228b77ad2
21290,6425fbc64bad276da188bc01
57044,643f0d4f11f52cc8387a6331
22333,64262217248a8e072518ce44
61932,6442879942696b85f21952a9
39636,643f0aae4e7c75ae400c2884
19153,6425f0ec7cdd34aae0e025ff
59048,64429906242be814b7af4c58
52764,644282f15d8404be646afdbc
116050,6462909c60893a06ab5b1bc7
57371,643f0c8011f52cc8387a60ec
53706,6442a1d05d8404be646b58aa
46566,644288885d8404be646b0ffd
120879,6462970f095ea02664906c11
5089,6425b8fb88ab036228b78ded
15626,6425f6751620247e2285990c
25584,6426ebe94bad276da1890d45
23046,64262c83d7aeccaff79f3a95
68129,6462912ae1e0cc9cb40406ca
7451,6425c83eafb870a21b527612
54787,6442a09c8581ab4397e23587
57260,6442a1325d8404be646b56a4
39891,6442acdb0b6121f98b092b6c
37259,6442928a1587ba108da2a2f3
58908,64428bf08f3b2fa5045ddbbd
110965,64629b0966ffe778e0c374e6
31677,64271404d7aeccaff79f9683
48841,6442a10f242be814b7af6771
92483,6462b594000a1353b5970bf9
21163,64261d03248a8e072518c904
11078,6425db0c41a112b8277364af
91180,64628601000a1353b5969913
19971,642611c90bb9c9f2095f0807
36953,6442a7be74426ff89e7a33df
52792,6442843b5d8404be646aff45
61455,643f09a576068b12cb9fe8c0
26651,6426f3d08d270ae7918eaaa2
123493,646286c201a6527275db322a
37624,64429c450121c13af7eb6526
61999,64428727db3c6d6a5eae15f3
89308,64628f8260979e26d620ee1b
18350,64260759d7aeccaff79f1c24
27321,6426f7311620247e228642f7
18421,6426078b1e82935fde8436d3
119409,6462bbfbc98403765de16284
7863,6425b8ae87f5eb64dd52ca04
16255,6425f6c10f28f2003e933c80
119288,6462afa6ba4036ace9a7f287
114895,6462897b60979e26d620e0ff
37053,6442a888db3c6d6a5eae6cd3
6045,6425bf0c88ab036228b7a94e
47827,6442a1b7242be814b7af69e7
60833,643f0c92a7f4fc829bb983c2
39293,6442a40a42696b85f2199724
53437,644287f7cd141369ec141c47
62325,643f0e54e7d00759a4c176be
61804,6442893e42696b85f219570b
25555,6426ecca8d270ae7918e9dca
695,6424e95922b61e4f577d0929
12768,6425e477db4c1bb36d1f6bdb
32427,6426f6a68d270ae7918eae83
86020,6462b123c98403765de14989
61876,6442863f0b6121f98b08cfb8
7762,6425c94487f5eb64dd52eb4c
56944,64429f0c0c717c2db148f095
29403,6427070d4bad276da189444a
121186,6462830bc458bb640eaed0ea
20188,6426155e1620247e2285e658
51268,644294b344372c22ae7c6cbf
55969,6442a6a4895db77d52e33464
26640,6426f33a1620247e228637b2
12064,6425e1c67cdd34aae0dff65b
26590,6426f3988d270ae7918ea9be
61984,643f0f9874c5a5ca7f63310f
15277,6425f647eee20b82ae510b8a
13508,6425e700292bab2d1e9c6db5
1520,64259c793a1d458b6b5583d5
7596,6425c8d9cd93dce1db9629f5
10948,6425db2741a112b827736570
57612,643f0c99db3c0c43a907ba34
63310,6442974acd141369ec1446eb
49521,644285431587ba108da28042
6846,6425c41588ab036228b7bab2
17479,6426015d4bad276da188c7b5
105198,6462c8e1257b81cc0605045b
41757,643f0b9a11f52cc8387a5dc8
84601,64629a30c458bb640eaf0983
11917,6425e19fee3a479039bf9b80
44319,6442830bdd7885071d79abf3
40387,64429ada0c717c2db148e56d
24694,6426e4624bad276da18901ed
44278,644282b18581ab4397e1e6e8
28028,64270059d7aeccaff79f65ab
1471,64259be888ab036228b731d5
16338,6425f8f24bad276da188b316
26192,6426eed58d270ae7918ea163
28034,642700e1d7aeccaff79f670e
41576,6442b90347e162c9efe09e15
123296,646293ef60893a06ab5b2417
92485,6462a0a7000a1353b596dc44
29791,64270912248a8e0725194b62
57632,6442a3001587ba108da2d03b
56534,6442cb0464375039477922b3
11366,6425de7d19abcc9bf5b7f796
57622,6442a2ea53d575317037e43b
41842,643f10ff033ecc09014f7f35
46473,64428ce6dd7885071d79bf27
795,6425934888ab036228b723f4
71514,64628e44e1e0cc9cb4040177
19682,6426116dd7aeccaff79f24b7
6718,6425c1eafb0cfb5575aa15cf
29074,6427050d248a8e0725193ded
28182,642700d91620247e22865b67
115954,6462a157e1e0cc9cb40424f8
28881,642704f48d270ae7918ecba9
37044,6442a6a4f607a15d721f8b3a
99673,646283da60893a06ab5af916
26070,6426eff2248a8e0725190513
30797,64270e934bad276da18958f1
410,642590919d8bd6b75461722a
17778,642603f01620247e2285ce8f
39389,6442a1fb0d0904e092074ffc
57789,6442abffa5e4d3250f2ddea9
38445,644285511587ba108da28089
23528,642631024bad276da188fa51
26657,6426f33b1620247e228637b8
56490,643f06f674c5a5ca7f630cd3
11429,6425de2c88ab036228b7fc61
51564,644282c000668be3617ff5af
25432,6426ec5b1620247e2286279a
109579,646283fec458bb640eaed330
1555,64259c7688ab036228b732ef
27187,6426f6b8248a8e0725191652
117907,64629e82c458bb640eaf13fe
57738,643f0b13815be6eec97c9002
59388,6442992247e162c9efe0565b
54282,644286a30d0904e0920708f0
30233,64270ccd1620247e22868252
98356,64629581d18857264f206025
7869,6425b84898afdc982956925b
2035,64259d9152f55da30dcdc24b
48285,6442a16942696b85f2199009
13003,6425e6bceee20b82ae50df5a
119601,6462b71bef2dc1a2b542baf5
59242,6442923344372c22ae7c667c
17379,642601cd4bad276da188c997
61220,6442a7b774426ff89e7a33ce
836,642593b852f55da30dcdb42b
22010,6426231e1620247e2285f8c9
19168,64260bb3d7aeccaff79f205e
16513,6425f8c2f6e7c94016fd73c6
61418,643f176d76068b12cba00bc5
18666,6426094496ef184088759b7b
18660,6426098f1620247e2285d945
62154,643f112276068b12cb9ffb75
77987,6462a4e810503aeec14d5ba3
10649,6425d93b19abcc9bf5b7edc3
50933,644283e3f0de6a9d32b1a417
51528,6442841953d575317037a608
17925,642604b996ef184088759564
97867,646298ec66ffe778e0c36f70
91450,64628900ef2dc1a2b5423714
61269,643f0eee4a95d1b58fa96945
62817,64429091104258ab992ead11
29203,642707c0248a8e0725194449
56575,643f073d74c5a5ca7f630db2
123496,646293cf01a6527275db4bca
27199,6426f6f84bad276da18920b0
91363,646291a310503aeec14d2524
16343,6425f881d7aeccaff79effd6
17872,642604381620247e2285cfe9
1388,6425983d52f55da30dcdb812
57607,64429eca643750394778a07f
100668,6462c784000a1353b59739b2
37138,6442d7a80121c13af7ebef3e
56498,6442caca530b42f4700a8254
87771,6462ac49095ea02664909f84
121130,6462857c60893a06ab5afe12
71474,64628badef2dc1a2b5423e77
32907,64271af9af05b07f7bd9aa04
92884,64628625095ea02664904198
33049,64271be011bbb3f2337fd328
28230,6427005c248a8e0725192f15
32166,642716704bad276da1896a86
84743,6462851d01a6527275db2efa
60852,6442ad20dd7885071d7a01fb
621,642590b152f55da30dcdb028
62877,644290818f3b2fa5045de674
14251,6425ee477cdd34aae0e01cb4
16864,6425fa57d7aeccaff79f0367
56140,6442a6660b6121f98b091c2d
11438,6425ded319abcc9bf5b7f816
57074,6442a28a0d0904e09207519c
19863,642611571620247e2285e31a
28693,642704be248a8e0725193c6f
48747,6442a4cd242be814b7af73dc
3803,6425b3d188ab036228b77d5a
29837,642708b98d270ae7918ed468
122887,646295cbe1e0cc9cb4040fcc
122855,646282df000a1353b596909c
12876,6425e6daee3a479039bfac46
61099,643f186e11f52cc8387a8215
48622,64429d186437503947789c28
16818,6425fa7dd7aeccaff79f0416
1021,6425985388ab036228b72adb
11303,6425dec5afb870a21b52a31c
26798,6426f2f54bad276da1891a4c
93274,646299c9095ea026649071cf
62389,644287d483e4be66f2feef0c
48578,64429d5094903883d9eec64d
2313,6425a22588ab036228b740dc
14472,6425edc07cdd34aae0e01aa7
51164,644295718f3b2fa5045df352
45959,643f076774c5a5ca7f630e4c
43573,64405b79c2c91730825016b9
53727,6442a162104258ab992ed67b
12397,6425e566eee20b82ae50dde4
31706,642714271620247e2286a24b
3333,6425ae3287f5eb64dd52b4e5
52038,644287ff42696b85f21953e7
49476,643f09a376068b12cb9fe8b5
38794,643f0f78a7f4fc829bb98f00
24667,6426e42e1620247e228614bd
1535,64259c8a9d8bd6b754617e86
58219,643f0ee84a95d1b58fa96922
21435,64261d598d270ae7918e7295
18212,64260522d7aeccaff79f1a5f
62315,643f0d0cf7f2e9b7855d8d6d
39680,643f0e9adb3c0c43a907bf7e
92477,64629df41c4b508e49efd03b
121741,646287cf095ea026649045b7
48616,6442a14242696b85f2198fa4
56566,6442cabe74426ff89e7a7692
84847,64628777d18857264f203e28
6799,6425c45bcd93dce1db9618bb
16503,6425f892eee20b82ae511242
25762,6426eec0248a8e072518ffd0
19577,64260ec71620247e2285e054
57110,643f14d47efbdb43e60ee0ee
10763,6425d9dd88ab036228b7ef20
38390,64428571104258ab992e90e3
16026,6425f50ed7aeccaff79efde3
41476,6442b6d8a5e4d3250f2df84d
2798,6425a79b873be0f80a6f4a71
56993,6442a37e0121c13af7eb76ac
28886,642704e61620247e22866918
14156,6425ee721620247e22858786
37327,64428ec10c717c2db148c77c
14261,6425ee6b7cdd34aae0e01d45
13969,6425ea64db4c1bb36d1f7948
58002,643f0c74dc83708da902acee
46128,64428f09dd7885071d79c2fb
90833,6462b2b3c98403765de14d51
21515,64261d731620247e2285f140
75695,6462944bc98403765de1039a
39610,643f0cb213f0ca5332669adb
91123,64628c6bba4036ace9a7aca4
17268,642601584bad276da188c79f
30559,64270d6f1620247e228687f2
17875,642603ce1e82935fde842ed6
91454,64628e4ac98403765de0f54b
60955,6442a7fa0b6121f98b091f03
7507,6425c966cd93dce1db962a85
54724,6442a1a70121c13af7eb728a
4726,6425b917cd93dce1db95fa44
19079,642609df96ef184088759d45
25177,6426ec4a8d270ae7918e9b54
37632,64429d44104258ab992ecb40
107069,64629beaef2dc1a2b5426b18
86082,64628fff60893a06ab5b1a20
35362,642714f11620247e2286a7c7
28946,642704a961245ce0ea86f1c4
57166,643f0d13db3c0c43a907bb84
18609,642607531620247e2285d57a
26235,6426f4568d270ae7918eac0a
7323,6425c7bf88ab036228b7c304
7882,6425c9fe98afdc982956bccd
7614,6425c8a188ab036228b7c689
68266,6462a5aeba4036ace9a7dedd
27534,6426fbfc248a8e0725192542
1121,6425985d52f55da30dcdb845
429,642591263a1d458b6b5577e7
16287,6425f7161620247e22859c38
115059,6462aac5ba4036ace9a7e8ce
53803,6442a207f629a7728a4af65b
48866,64429c03104258ab992ec850
35854,64271ae3218f9acbf46894cb
90844,64629994c458bb640eaf0825
58037,643f0e2313f0ca5332669da3
28960,6427046d248a8e0725193b51
57973,643f1145a7f4fc829bb9981f
1571,64259c2e88ab036228b73270
84875,64628bd51c4b508e49ef9df4
20258,642614f74bad276da188df3b
7248,6425c74287f5eb64dd52e77d
1082,642598723a1d458b6b557c6c
56957,643f120cd868cb143f2819e5
39134,6442a11d104258ab992ed5b4
91318,6462892ec98403765de0e8cb
18559,6426074d1620247e2285d568
120653,6462a5691c4b508e49efe1b0
24824,6426e96f1620247e22861ec3
40095,643f09f3b49470ad0d2badc7
20165,642615074bad276da188df80
46716,64428f63a381503eba3475e4
63396,6442911c8f3b2fa5045de7d1
115171,6462c803e1e0cc9cb4046a30
119594,64628dd41c4b508e49efa3dd
12452,6425e4a1db4c1bb36d1f6c95
19340,64260d831620247e2285dd74
18691,642609ce1e82935fde843cde
23197,64262c118d270ae7918e80f2
62816,64429088530b42f4700a13c1
39209,6442a397f607a15d721f81d8
1741,64259c969d8bd6b754617e9e
4233,6425b30487f5eb64dd52bdb6
12785,6425e45eee3a479039bfa350
97910,646287f6c458bb640eaede1a
381,642590a387f5eb64dd52982a
19306,64260d4b1620247e2285dcb7
26097,6426efa1d7aeccaff79f51ac
44284,644282aa6a8eb2a45f8be37f
12249,6425e5c1292bab2d1e9c6791
119374,6462ae6360979e26d6213d2c
27827,6426fbf88d270ae7918eba98
61396,6442ae65a5e4d3250f2de477
22414,642621fcd7aeccaff79f3206
69704,64628d861c4b508e49efa315
56580,6442cae1a381503eba34f892
62015,643f0b89f7f2e9b7855d8855
54944,6442a25974426ff89e7a245a
29987,64270a5c1620247e22867958
22145,642622734bad276da188ef1b
6034,6425bf27cd93dce1db960c72
12100,6425e11ea73f82792e4632d3
120742,6462a002095ea02664908178
89412,6462ae21095ea0266490a488
40076,643f0909815be6eec97c89d2
61128,6442add247e162c9efe08782
14012,6425ee481620247e2285869d
30992,64270f2dd7aeccaff79f8755
59246,644298e8242be814b7af4c25
28468,6427015d1620247e22865e86
10277,6425d8eb88ab036228b7ece2
63518,6442948f44372c22ae7c6c26
92636,6462ae1060979e26d6213c4c
27203,6426f7338d270ae7918eb0cd
27314,6426f74b1620247e22864315
22201,642608781b4c5e9056d13068
1139,642598cc52f55da30dcdb90a
122845,6462824610503aeec14cfa7a
12021,6425e1bfdb4c1bb36d1f6942
114898,646284e8095ea02664903d9e
38371,643f0d8974c5a5ca7f632626
25843,6426eec8d7aeccaff79f504c
44445,644283a32b83503407744328
25946,6426ef7b248a8e072519020b
31716,6426f2931620247e228635c2
109888,64629a58ba4036ace9a7c7cd
22015,642622bc1620247e2285f7fe
120812,646297e2257b81cc06048e6c
122177,6462aa9c1c4b508e49efee4c
23991,6426e5ca4bad276da18904ec
25664,6426ecf8d7aeccaff79f4db8
29162,6427079c4bad276da189454d
43755,644061aea03a9cf3ca5cd725
37222,6442d705cd141369ec15097a
40232,643f0bf8aafe167b7e313316
44195,643f07b8aafe167b7e312946
21969,64262305248a8e072518d027
107043,6462a20466ffe778e0c38336
47817,6440583f4b0c14dae633e41c
91207,646282be10503aeec14cfba7
12898,6425e6c5292bab2d1e9c6cb6
51035,64428529242be814b7af147f
17200,6425fef21b4c5e9056d124ef
17724,6426038d96ef184088759340
39329,643f09cf4a95d1b58fa958b3
45179,6442861544372c22ae7c4125
11361,6425df7087f5eb64dd5308fa
13978,6425ea12ee3a479039bfb779
11793,6425e16fa73f82792e463386
21156,64261ad644b411bc13cd4c85
12549,6425e50ba73f82792e463f18
55885,6442ab0c43c3c251428573f1
40042,643f0b25db3c0c43a907b619
43485,64405dd5ad8b19f7b856c8a2
20884,64261be21620247e2285ee9d
29993,64270aeb1620247e22867b8a
57837,6442ae58a381503eba34bc0c
57658,64429f32f607a15d721f7968
19548,64260ed74bad276da188da8e
15773,6425f6e40f28f2003e933d0d
58236,6442ad018581ab4397e25484
92260,64629ba501a6527275db5a4e
63300,6442955a47e162c9efe04e23
18776,6426095bd7aeccaff79f1e2f
18294,642607a94bad276da188d3e2
48591,6442a2d51587ba108da2cf62
68843,6462c59a000a1353b597347a
4223,6425b356fb0cfb5575a9e93e
17998,642605061620247e2285d1e5
61916,643f0ea811f52cc8387a66f5
13932,6425ea6bee3a479039bfba55
56005,6442a8c174426ff89e7a35f0
1270,6425981652f55da30dcdb7a4
92335,64629fe5095ea02664908118
56915,6442a1c40e615ce1bb9672e4
39508,643f0d1bcaf71cfd5d78b80a
30315,64270cfb4bad276da18953cd
28961,6427046e4bad276da1893e55
48431,6442a3d7242be814b7af70e3
123395,64628626d18857264f203a91
49059,643f09024a95d1b58fa955ca
58181,643f0b9a76068b12cb9fedea
46666,643f098edc83708da902a42b
60966,6442a6ea53d575317037ee8f
22882,64262794d7aeccaff79f3881
16015,6425f50d0f28f2003e93378d
105737,646296d110503aeec14d330f
123549,64628ce21c4b508e49efa0be
29327,642707aa61245ce0ea86f5f4
123541,64629131c458bb640eaef3cf
29062,642704d84bad276da1894012
28334,6426ffa44bad276da189325e
93339,6462890d095ea02664904908
28131,6426fffc8d270ae7918ebfc2
57595,64429fe7643750394778a311
49423,644286218581ab4397e1ec7d
20811,64261b8a1620247e2285ee2e
97880,6462971110503aeec14d33fc
624,6425911888ab036228b71f31
92374,6462aa40d18857264f209394
27844,6426fbf38d270ae7918eba87
12348,6425e5a1ee3a479039bfa6b8
49492,643f0c42815be6eec97c9390
48907,6442a2b8dd7885071d79ee00
27036,6426f365248a8e0725190cff
91403,64628ef4ef2dc1a2b54247c8
30327,64270d19248a8e07251958a4
27197,6426f6f68d270ae7918eafcd
26027,6426eecb61245ce0ea86d014
32624,6427196f4bad276da189756e
2795,6425a7b805b0d2deaf43b8cb
17524,6426016fd7aeccaff79f1433
1431,642598a53a1d458b6b557cf3
61019,6442a95147e162c9efe07dbf
1072,6425986d88ab036228b72aff
121991,64629d0c60893a06ab5b3ddb
119715,6462b0cb1c4b508e49f0022d
62396,643f0e1f033ecc09014f7795
28145,642700781620247e2286596a
69630,6462882c60979e26d620dda9
11356,6425df4f19abcc9bf5b7f937
91265,6462908be1e0cc9cb40405ed
10228,6425d78c41a112b827735f0a
28774,642704c24bad276da1893fcd
61210,6442a7d1895db77d52e3395a
37615,64429d57242be814b7af5aa7
48830,64429b2b0e615ce1bb96607f
57781,643f1143a51d6ce884a0fdbc
18135,642604b61e82935fde8431ba
22273,642622351620247e2285f62b
63068,64429251a5e4d3250f2da46d
98888,6462c2f760893a06ab5baae6
26101,6426ef85248a8e0725190242
30553,64270d231620247e2286858b
7757,6425c93788ab036228b7c831
57892,6442aef40121c13af7eb9679
25694,6426ebf861245ce0ea86cc9f
85937,6462919b60979e26d620f357
41809,643f0a96a7f4fc829bb97e3b
41732,6442b2752b8350340774cec8
77958,6462c8ef60979e26d62180a7
22266,6426223f8d270ae7918e7876
28940,6427049a4bad276da1893f33
19881,6426119a0bb9c9f2095f07e6
26994,6426f36961245ce0ea86d610
49082,64428667242be814b7af185b
54078,644284c68f3b2fa5045dcbf7
31559,642713f21620247e2286a120
77880,6462a9ab1c4b508e49efebc2
117616,64629ace257b81cc060495b8
120798,64629e8f60893a06ab5b420a
30970,64270f83a3e8a08176dfbe2a
1493,64259bef9d8bd6b754617e05
45274,644286b053d575317037aaca
1575,64259c6752f55da30dcdbfa0
38583,643f109676068b12cb9ffa3f
91979,6462ae34ba4036ace9a7efbc
22315,642622004bad276da188ee30
121715,646294f8c458bb640eaefd0f
55038,6442a07ddd7885071d79e81f
59276,64428bb1895db77d52e2ea26
22608,642628ad248a8e072518d850
59438,644297ef8f3b2fa5045df8e6
11002,6425db6945bfbab29f5432ea
27563,6426fcf04bad276da1892ea9
92634,6462ae3def2dc1a2b542a0b6
98831,6462ba5c01a6527275db942a
27274,6426f6ff8d270ae7918eb005
7630,6425c941fb0cfb5575aa32ad
17239,6425feb21620247e2285b4d7
15673,6425f6790f28f2003e933c16
7940,6425c9beafb870a21b527c92
43733,6442b0705d8404be646b7d96
4087,6425b38efb0cfb5575a9eb55
48423,64429d7c104258ab992ecbeb
45015,644287a30c717c2db148b91a
92318,64628f0aef2dc1a2b5424806
45238,6442868e0d0904e0920708b4
7566,6425c89bfb0cfb5575aa2e57
40352,64429dd60121c13af7eb6965
18109,6426053c4bad276da188d0dc
25774,6426efef4bad276da1891695
830,642593fe88ab036228b72660
90876,6462c57860979e26d62177f8
123084,64629cfcc458bb640eaf103c
37183,6442900c44372c22ae7c5e89
57976,6442aa6ccd141369ec14884f
18528,642607321620247e2285d51e
43406,64405ec3b56b748fa11f8e9a
16037,6425f5217afaf463f9c400ee
61273,6442aeca895db77d52e34d94
56758,64405aeaad8b19f7b856bf21
26645,6426f43861245ce0ea86d765
